{
  "total_bookmarks": 5,
  "successfully_processed": 5,
  "failed_processing": 0,
  "processed_at": "2025-07-11T15:44:22.990Z",
  "average_quality_score": 0.7999999999999999,
  "average_relevance_score": 0.5599999999999999
}